Estacion,Afluencia_Total_2025_26,Espera_Promedio_Minutos,Indice_Congestion,Indice_Calidad_Servicio,Nivel_Servicio,Latitud,Longitud
ACATITLA,5038262,4.00,20.15,0.32,Regular,19.36,-99.01
ACULCO,2766155,4.00,11.06,0.22,Bueno,19.37,-99.11
ALLENDE,9887251,3.00,29.66,0.40,Regular,19.44,-99.14
APATLACO,4104884,4.00,16.42,0.28,Bueno,19.38,-99.11
ATLALILCO,8987377,3.25,29.21,0.40,Regular,19.35,-99.10
AUDITORIO,11322369,4.00,45.29,0.59,Regular,19.43,-99.19
AUTOBUSES DEL NORTE,6634946,3.00,19.90,0.29,Bueno,19.48,-99.14
BALBUENA,2722907,4.00,10.89,0.22,Bueno,19.42,-99.10
BALDERAS,9980648,3.50,34.93,0.47,Regular,19.43,-99.15
BARRANCA DEL MUERTO,11532347,4.00,46.13,0.60,Regular,19.36,-99.19
BELLAS ARTES,15788567,3.50,55.26,0.68,Crítico,19.44,-99.14
BONDOJITO,1860784,4.00,7.44,0.19,Bueno,19.46,-99.11
BUENAVISTA,17365205,3.00,52.10,0.63,Crítico,19.45,-99.15
CALLE 11,4276275,2.50,10.69,0.18,Bueno,19.32,-99.09
CAMARONES,4395275,4.00,17.58,0.29,Bueno,19.48,-99.19
CANAL DE SAN JUAN,4073516,4.00,16.29,0.28,Bueno,19.40,-99.06
CANAL DEL NORTE,2449122,4.00,9.80,0.21,Bueno,19.45,-99.12
CANDELARIA,9046617,4.00,36.19,0.49,Regular,19.43,-99.12
CERRO DE LA ESTRELLA,3620255,4.00,14.48,0.26,Bueno,19.36,-99.09
CHABACANO,12121819,3.33,40.41,0.52,Regular,19.41,-99.13
CHAPULTEPEC,10346229,4.00,41.38,0.55,Regular,19.42,-99.18
CHILPANCINGO,13479359,3.00,40.44,0.51,Regular,19.41,-99.17
CIUDAD AZTECA,15045286,3.00,45.14,0.56,Regular,19.53,-99.03
CIUDAD DEPORTIVA,2270404,3.00,6.81,0.15,Bueno,19.41,-99.09
COLEGIO MILITAR,4826598,3.00,14.48,0.23,Bueno,19.45,-99.17
CONSTITUYENTES,4860583,4.00,19.44,0.31,Regular,19.41,-99.19
CONSULADO,2709958,3.50,9.48,0.19,Bueno,19.46,-99.11
COPILCO,11003970,3.00,33.01,0.43,Regular,19.34,-99.18
COYUYA,8625706,4.00,34.50,0.47,Regular,19.40,-99.11
CUATRO CAMINOS,35149370,3.00,105.45,0.68,Crítico,19.46,-99.22
DEPORTIVO 18 DE MARZO,9836808,3.50,34.43,0.46,Regular,19.48,-99.13
DOCTORES,3580686,4.00,14.32,0.26,Bueno,19.42,-99.14
ECATEPEC,7835628,3.00,23.51,0.33,Regular,19.52,-99.04
EDUARDO MOLINA,2216308,3.00,6.65,0.15,Bueno,19.45,-99.11
EJE CENTRAL,3907654,2.50,9.77,0.17,Bueno,19.36,-99.15
EL ROSARIO,14999343,4.00,60.00,0.71,Crítico,19.50,-99.20
ERMITA,7937213,2.75,21.83,0.31,Regular,19.36,-99.14
EUGENIA,4213179,3.00,12.64,0.21,Bueno,19.39,-99.16
FRAY SERVANDO,2867782,4.00,11.47,0.23,Bueno,19.42,-99.12
GENERAL ANAYA,6735749,3.00,20.21,0.30,Bueno,19.35,-99.15
GUELATAO,6342357,4.00,25.37,0.38,Regular,19.39,-99.04
GUERRERO,4920807,3.00,14.76,0.24,Bueno,19.44,-99.15
HANGARES,1619714,3.00,4.86,0.13,Bueno,19.42,-99.09
HIDALGO,15125126,3.00,45.38,0.56,Regular,19.44,-99.15
HOSPITAL 20 DE NOVIEMBRE,3493593,2.50,8.73,0.16,Bueno,19.37,-99.17
HOSPITAL GENERAL,5866377,3.00,17.60,0.27,Bueno,19.41,-99.15
IMPULSORA,7205450,3.00,21.62,0.31,Regular,19.49,-99.05
INDIOS VERDES,32375391,3.00,97.13,0.68,Crítico,19.50,-99.12
INSURGENTES,7792395,4.00,31.17,0.44,Regular,19.42,-99.16
INSURGENTES SUR,11423375,2.50,28.56,0.37,Regular,19.37,-99.18
IZTACALCO,5603104,4.00,22.41,0.35,Regular,19.39,-99.11
IZTAPALAPA,3383872,4.00,13.54,0.25,Bueno,19.36,-99.09
JAMAICA,6247454,3.50,21.87,0.33,Regular,19.41,-99.12
LA PAZ,14392733,4.00,57.57,0.71,Crítico,19.35,-98.96
LA RAZA,13180714,3.00,39.54,0.50,Regular,19.47,-99.14
LA VIGA,2301016,4.00,9.20,0.20,Bueno,19.41,-99.13
LAGUNILLA,6643320,3.00,19.93,0.29,Bueno,19.44,-99.13
LINDAVISTA,5074222,4.00,20.30,0.32,Regular,19.49,-99.14
LOMAS ESTRELLA,3125513,2.50,7.81,0.15,Bueno,19.32,-99.10
LOS REYES,6836028,4.00,27.34,0.40,Regular,19.36,-98.98
MERCED,12668453,4.00,50.67,0.65,Crítico,19.43,-99.13
MEXICALTZINGO,5509441,2.50,13.77,0.21,Bueno,19.36,-99.12
MISTERIOS,2426919,3.00,7.28,0.16,Bueno,19.46,-99.13
MIXCOAC,11287998,3.25,36.69,0.48,Regular,19.38,-99.19
MIXIUHCA,7083662,3.00,21.25,0.31,Regular,19.41,-99.11
MOCTEZUMA,6071223,4.00,24.28,0.37,Regular,19.43,-99.11
MORELOS,3925789,3.50,13.74,0.24,Bueno,19.44,-99.12
NATIVITAS,6206342,3.00,18.62,0.28,Bueno,19.38,-99.14
NOPALERA,7813431,2.50,19.53,0.27,Bueno,19.30,-99.05
NORMAL,10266123,3.00,30.80,0.41,Regular,19.44,-99.17
NORTE 45,1929793,4.00,7.72,0.19,Bueno,19.49,-99.16
OBRERA,4123299,4.00,16.49,0.28,Bueno,19.41,-99.14
OBSERVATORIO,1405966,4.00,5.62,0.17,Bueno,19.40,-99.20
OLIVOS,5321907,2.50,13.30,0.21,Bueno,19.30,-99.06
PANTEONES,3726746,3.00,11.18,0.20,Bueno,19.46,-99.20
PARQUE DE LOS VENADOS,3481138,2.50,8.70,0.16,Bueno,19.37,-99.16
PATRIOTISMO,5973653,3.00,17.92,0.27,Bueno,19.41,-99.18
POLANCO,12287591,4.00,49.15,0.63,Crítico,19.43,-99.19
POPOTLA,2945035,3.00,8.84,0.17,Bueno,19.45,-99.18
PORTALES,6410670,3.00,19.23,0.28,Bueno,19.37,-99.14
POTRERO,4584191,3.00,13.75,0.23,Bueno,19.48,-99.13
PUEBLA,9341442,3.00,28.02,0.38,Regular,19.41,-99.08
ROMERO RUBIO,5104462,3.00,15.31,0.24,Bueno,19.44,-99.09
SALTO DEL AGUA,8703713,4.00,34.81,0.48,Regular,19.43,-99.14
SAN ANTONIO,4019242,4.00,16.08,0.28,Bueno,19.38,-99.19
SAN ANTONIO ABAD,5967015,3.00,17.90,0.27,Bueno,19.42,-99.13
SAN COSME,6748974,3.00,20.25,0.30,Bueno,19.44,-99.16
SAN PEDRO DE LOS PINOS,3790276,4.00,15.16,0.27,Bueno,19.39,-99.19
SANTA ANITA,2139166,4.00,8.56,0.20,Bueno,19.40,-99.12
SANTA MARTA,12893127,4.00,51.57,0.66,Crítico,19.36,-99.00
SEVILLA,4625612,4.00,18.50,0.30,Regular,19.42,-99.17
TACUBA,13371476,3.50,46.80,0.59,Regular,19.46,-99.19
TACUBAYA,24629971,3.67,90.31,0.70,Crítico,19.40,-99.19
TEPALCATES,8479506,4.00,33.92,0.47,Regular,19.39,-99.05
TEPITO,6862870,3.00,20.59,0.30,Bueno,19.44,-99.12
TEZONCO,7483245,2.50,18.71,0.27,Bueno,19.31,-99.07
TLALTENCO,1693684,2.50,4.23,0.11,Bueno,19.29,-99.02
TLATELOLCO,5319164,3.00,15.96,0.25,Bueno,19.46,-99.14
UAM-I,7689817,4.00,30.76,0.43,Regular,19.35,-99.07
UNIVERSIDAD,18872050,3.00,56.62,0.68,Crítico,19.32,-99.17
VALLEJO,2411268,4.00,9.65,0.21,Bueno,19.49,-99.16
VIADUCTO,5462208,3.00,16.39,0.25,Bueno,19.40,-99.14
XOLA,6363584,3.00,19.09,0.28,Bueno,19.40,-99.14
ZAPATA,10219655,2.75,28.10,0.37,Regular,19.37,-99.17
ZARAGOZA,8434364,4.00,33.74,0.47,Regular,19.41,-99.08
